{
  "Logistic Regression": {
    "accuracy": 0.7116279069767442,
    "auc": 0.7704761904761904,
    "confusion_matrix": [
      [
        75,
        35
      ],
      [
        27,
        78
      ]
    ]
  },
  "Random Forest": {
    "accuracy": 0.7581395348837209,
    "auc": 0.8451948051948052,
    "confusion_matrix": [
      [
        81,
        29
      ],
      [
        23,
        82
      ]
    ]
  },
  "CatBoost": {
    "accuracy": 0.7441860465116279,
    "auc": 0.8460606060606061,
    "confusion_matrix": [
      [
        83,
        27
      ],
      [
        28,
        77
      ]
    ]
  },
  "Ensemble": {
    "accuracy": 0.7441860465116279,
    "auc": 0.8521212121212121,
    "confusion_matrix": [
      [
        80,
        30
      ],
      [
        25,
        80
      ]
    ]
  }
}